Time (s),0.000000
Number of Particles,458
ID,Type,Position.x (m),Position.y (m),Position.z (m),Velocity.x (m/s),Velocity.y (m/s),Velocity.z (m/s),Pressure (Pa),Number Density Ratio
0,2,-0.025000,-0.025000,0.000000,0.000000,0.000000,0.000000,0.000000,0.000000
1,2,-0.025000,-0.015000,0.000000,0.000000,0.000000,0.000000,0.000000,0.000000
2,2,-0.025000,-0.005000,0.000000,0.000000,0.000000,0.000000,0.000000,0.000000
3,2,-0.025000,0.005000,0.000000,0.000000,0.000000,0.000000,0.000000,0.000000
4,2,-0.025000,0.015000,0.000000,0.000000,0.000000,0.000000,0.000000,0.000000
5,2,-0.025000,0.025000,0.000000,0.000000,0.000000,0.000000,0.000000,0.000000
6,2,-0.025000,0.035000,0.000000,0.000000,0.000000,0.000000,0.000000,0.000000
7,2,-0.025000,0.045000,0.000000,0.000000,0.000000,0.000000,0.000000,0.000000
8,2,-0.025000,0.055000,0.000000,0.000000,0.000000,0.000000,0.000000,0.000000
9,2,-0.025000,0.065000,0.000000,0.000000,0.000000,0.000000,0.000000,0.000000
10,2,-0.025000,0.075000,0.000000,0.000000,0.000000,0.000000,0.000000,0.000000
11,2,-0.025000,0.085000,0.000000,0.000000,0.000000,0.000000,0.000000,0.000000
12,2,-0.025000,0.095000,0.000000,0.000000,0.000000,0.000000,0.000000,0.000000
13,2,-0.025000,0.105000,0.000000,0.000000,0.000000,0.000000,0.000000,0.000000
14,2,-0.025000,0.115000,0.000000,0.000000,0.000000,0.000000,0.000000,0.000000
15,2,-0.025000,0.125000,0.000000,0.000000,0.000000,0.000000,0.000000,0.000000
16,2,-0.025000,0.135000,0.000000,0.000000,0.000000,0.000000,0.000000,0.000000
17,2,-0.025000,0.145000,0.000000,0.000000,0.000000,0.000000,0.000000,0.000000
18,2,-0.025000,0.155000,0.000000,0.000000,0.000000,0.000000,0.000000,0.000000
19,2,-0.025000,0.165000,0.000000,0.000000,0.000000,0.000000,0.000000,0.000000
20,2,-0.025000,0.175000,0.000000,0.000000,0.000000,0.000000,0.000000,0.000000
21,2,-0.025000,0.185000,0.000000,0.000000,0.000000,0.000000,0.000000,0.000000
22,2,-0.025000,0.195000,0.000000,0.000000,0.000000,0.000000,0.000000,0.000000
23,2,-0.025000,0.205000,0.000000,0.000000,0.000000,0.000000,0.000000,0.000000
24,2,-0.025000,0.215000,0.000000,0.000000,0.000000,0.000000,0.000000,0.000000
25,2,-0.025000,0.225000,0.000000,0.000000,0.000000,0.000000,0.000000,0.000000
26,2,-0.025000,0.235000,0.000000,0.000000,0.000000,0.000000,0.000000,0.000000
27,2,-0.025000,0.245000,0.000000,0.000000,0.000000,0.000000,0.000000,0.000000
28,2,-0.015000,-0.025000,0.000000,0.000000,0.000000,0.000000,0.000000,0.000000
29,2,-0.015000,-0.015000,0.000000,0.000000,0.000000,0.000000,0.000000,0.000000
30,2,-0.015000,-0.005000,0.000000,0.000000,0.000000,0.000000,0.000000,0.000000
31,2,-0.015000,0.005000,0.000000,0.000000,0.000000,0.000000,0.000000,0.000000
32,2,-0.015000,0.015000,0.000000,0.000000,0.000000,0.000000,0.000000,0.000000
33,2,-0.015000,0.025000,0.000000,0.000000,0.000000,0.000000,0.000000,0.000000
34,2,-0.015000,0.035000,0.000000,0.000000,0.000000,0.000000,0.000000,0.000000
35,2,-0.015000,0.045000,0.000000,0.000000,0.000000,0.000000,0.000000,0.000000
36,2,-0.015000,0.055000,0.000000,0.000000,0.000000,0.000000,0.000000,0.000000
37,2,-0.015000,0.065000,0.000000,0.000000,0.000000,0.000000,0.000000,0.000000
38,2,-0.015000,0.075000,0.000000,0.000000,0.000000,0.000000,0.000000,0.000000
39,2,-0.015000,0.085000,0.000000,0.000000,0.000000,0.000000,0.000000,0.000000
40,2,-0.015000,0.095000,0.000000,0.000000,0.000000,0.000000,0.000000,0.000000
41,2,-0.015000,0.105000,0.000000,0.000000,0.000000,0.000000,0.000000,0.000000
42,2,-0.015000,0.115000,0.000000,0.000000,0.000000,0.000000,0.000000,0.000000
43,2,-0.015000,0.125000,0.000000,0.000000,0.000000,0.000000,0.000000,0.000000
44,2,-0.015000,0.135000,0.000000,0.000000,0.000000,0.000000,0.000000,0.000000
45,2,-0.015000,0.145000,0.000000,0.000000,0.000000,0.000000,0.000000,0.000000
46,2,-0.015000,0.155000,0.000000,0.000000,0.000000,0.000000,0.000000,0.000000
47,2,-0.015000,0.165000,0.000000,0.000000,0.000000,0.000000,0.000000,0.000000
48,2,-0.015000,0.175000,0.000000,0.000000,0.000000,0.000000,0.000000,0.000000
49,2,-0.015000,0.185000,0.000000,0.000000,0.000000,0.000000,0.000000,0.000000
50,2,-0.015000,0.195000,0.000000,0.000000,0.000000,0.000000,0.000000,0.000000
51,2,-0.015000,0.205000,0.000000,0.000000,0.000000,0.000000,0.000000,0.000000
52,2,-0.015000,0.215000,0.000000,0.000000,0.000000,0.000000,0.000000,0.000000
53,2,-0.015000,0.225000,0.000000,0.000000,0.000000,0.000000,0.000000,0.000000
54,2,-0.015000,0.235000,0.000000,0.000000,0.000000,0.000000,0.000000,0.000000
55,2,-0.015000,0.245000,0.000000,0.000000,0.000000,0.000000,0.000000,0.000000
56,2,-0.005000,-0.025000,0.000000,0.000000,0.000000,0.000000,0.000000,0.000000
57,2,-0.005000,-0.015000,0.000000,0.000000,0.000000,0.000000,0.000000,0.000000
58,1,-0.005000,-0.005000,0.000000,0.000000,0.000000,0.000000,0.000000,0.000000
59,1,-0.005000,0.005000,0.000000,0.000000,0.000000,0.000000,0.000000,0.000000
60,1,-0.005000,0.015000,0.000000,0.000000,0.000000,0.000000,0.000000,0.000000
61,1,-0.005000,0.025000,0.000000,0.000000,0.000000,0.000000,0.000000,0.000000
62,1,-0.005000,0.035000,0.000000,0.000000,0.000000,0.000000,0.000000,0.000000
63,1,-0.005000,0.045000,0.000000,0.000000,0.000000,0.000000,0.000000,0.000000
64,1,-0.005000,0.055000,0.000000,0.000000,0.000000,0.000000,0.000000,0.000000
65,1,-0.005000,0.065000,0.000000,0.000000,0.000000,0.000000,0.000000,0.000000
66,1,-0.005000,0.075000,0.000000,0.000000,0.000000,0.000000,0.000000,0.000000
67,1,-0.005000,0.085000,0.000000,0.000000,0.000000,0.000000,0.000000,0.000000
68,1,-0.005000,0.095000,0.000000,0.000000,0.000000,0.000000,0.000000,0.000000
69,1,-0.005000,0.105000,0.000000,0.000000,0.000000,0.000000,0.000000,0.000000
70,1,-0.005000,0.115000,0.000000,0.000000,0.000000,0.000000,0.000000,0.000000
71,1,-0.005000,0.125000,0.000000,0.000000,0.000000,0.000000,0.000000,0.000000
72,1,-0.005000,0.135000,0.000000,0.000000,0.000000,0.000000,0.000000,0.000000
73,1,-0.005000,0.145000,0.000000,0.000000,0.000000,0.000000,0.000000,0.000000
74,1,-0.005000,0.155000,0.000000,0.000000,0.000000,0.000000,0.000000,0.000000
75,1,-0.005000,0.165000,0.000000,0.000000,0.000000,0.000000,0.000000,0.000000
76,1,-0.005000,0.175000,0.000000,0.000000,0.000000,0.000000,0.000000,0.000000
77,1,-0.005000,0.185000,0.000000,0.000000,0.000000,0.000000,0.000000,0.000000
78,1,-0.005000,0.195000,0.000000,0.000000,0.000000,0.000000,0.000000,0.000000
79,1,-0.005000,0.205000,0.000000,0.000000,0.000000,0.000000,0.000000,0.000000
80,1,-0.005000,0.215000,0.000000,0.000000,0.000000,0.000000,0.000000,0.000000
81,1,-0.005000,0.225000,0.000000,0.000000,0.000000,0.000000,0.000000,0.000000
82,1,-0.005000,0.235000,0.000000,0.000000,0.000000,0.000000,0.000000,0.000000
83,1,-0.005000,0.245000,0.000000,0.000000,0.000000,0.000000,0.000000,0.000000
84,2,0.005000,-0.025000,0.000000,0.000000,0.000000,0.000000,0.000000,0.000000
85,2,0.005000,-0.015000,0.000000,0.000000,0.000000,0.000000,0.000000,0.000000
86,1,0.005000,-0.005000,0.000000,0.000000,0.000000,0.000000,0.000000,0.000000
87,0,0.005000,0.005000,0.000000,0.000000,0.000000,0.000000,0.000000,0.000000
88,0,0.005000,0.015000,0.000000,0.000000,0.000000,0.000000,0.000000,0.000000
89,0,0.005000,0.025000,0.000000,0.000000,0.000000,0.000000,0.000000,0.000000
90,0,0.005000,0.035000,0.000000,0.000000,0.000000,0.000000,0.000000,0.000000
91,0,0.005000,0.045000,0.000000,0.000000,0.000000,0.000000,0.000000,0.000000
92,0,0.005000,0.055000,0.000000,0.000000,0.000000,0.000000,0.000000,0.000000
93,0,0.005000,0.065000,0.000000,0.000000,0.000000,0.000000,0.000000,0.000000
94,0,0.005000,0.075000,0.000000,0.000000,0.000000,0.000000,0.000000,0.000000
95,0,0.005000,0.085000,0.000000,0.000000,0.000000,0.000000,0.000000,0.000000
96,0,0.005000,0.095000,0.000000,0.000000,0.000000,0.000000,0.000000,0.000000
97,0,0.005000,0.105000,0.000000,0.000000,0.000000,0.000000,0.000000,0.000000
98,0,0.005000,0.115000,0.000000,0.000000,0.000000,0.000000,0.000000,0.000000
99,0,0.005000,0.125000,0.000000,0.000000,0.000000,0.000000,0.000000,0.000000
100,0,0.005000,0.135000,0.000000,0.000000,0.000000,0.000000,0.000000,0.000000
101,0,0.005000,0.145000,0.000000,0.000000,0.000000,0.000000,0.000000,0.000000
102,0,0.005000,0.155000,0.000000,0.000000,0.000000,0.000000,0.000000,0.000000
103,0,0.005000,0.165000,0.000000,0.000000,0.000000,0.000000,0.000000,0.000000
104,0,0.005000,0.175000,0.000000,0.000000,0.000000,0.000000,0.000000,0.000000
105,0,0.005000,0.185000,0.000000,0.000000,0.000000,0.000000,0.000000,0.000000
106,0,0.005000,0.195000,0.000000,0.000000,0.000000,0.000000,0.000000,0.000000
107,2,0.015000,-0.025000,0.000000,0.000000,0.000000,0.000000,0.000000,0.000000
108,2,0.015000,-0.015000,0.000000,0.000000,0.000000,0.000000,0.000000,0.000000
109,1,0.015000,-0.005000,0.000000,0.000000,0.000000,0.000000,0.000000,0.000000
110,0,0.015000,0.005000,0.000000,0.000000,0.000000,0.000000,0.000000,0.000000
111,0,0.015000,0.015000,0.000000,0.000000,0.000000,0.000000,0.000000,0.000000
112,0,0.015000,0.025000,0.000000,0.000000,0.000000,0.000000,0.000000,0.000000
113,0,0.015000,0.035000,0.000000,0.000000,0.000000,0.000000,0.000000,0.000000
114,0,0.015000,0.045000,0.000000,0.000000,0.000000,0.000000,0.000000,0.000000
115,0,0.015000,0.055000,0.000000,0.000000,0.000000,0.000000,0.000000,0.000000
116,0,0.015000,0.065000,0.000000,0.000000,0.000000,0.000000,0.000000,0.000000
117,0,0.015000,0.075000,0.000000,0.000000,0.000000,0.000000,0.000000,0.000000
118,0,0.015000,0.085000,0.000000,0.000000,0.000000,0.000000,0.000000,0.000000
119,0,0.015000,0.095000,0.000000,0.000000,0.000000,0.000000,0.000000,0.000000
120,0,0.015000,0.105000,0.000000,0.000000,0.000000,0.000000,0.000000,0.000000
121,0,0.015000,0.115000,0.000000,0.000000,0.000000,0.000000,0.000000,0.000000
122,0,0.015000,0.125000,0.000000,0.000000,0.000000,0.000000,0.000000,0.000000
123,0,0.015000,0.135000,0.000000,0.000000,0.000000,0.000000,0.000000,0.000000
124,0,0.015000,0.145000,0.000000,0.000000,0.000000,0.000000,0.000000,0.000000
125,0,0.015000,0.155000,0.000000,0.000000,0.000000,0.000000,0.000000,0.000000
126,0,0.015000,0.165000,0.000000,0.000000,0.000000,0.000000,0.000000,0.000000
127,0,0.015000,0.175000,0.000000,0.000000,0.000000,0.000000,0.000000,0.000000
128,0,0.015000,0.185000,0.000000,0.000000,0.000000,0.000000,0.000000,0.000000
129,0,0.015000,0.195000,0.000000,0.000000,0.000000,0.000000,0.000000,0.000000
130,2,0.025000,-0.025000,0.000000,0.000000,0.000000,0.000000,0.000000,0.000000
131,2,0.025000,-0.015000,0.000000,0.000000,0.000000,0.000000,0.000000,0.000000
132,1,0.025000,-0.005000,0.000000,0.000000,0.000000,0.000000,0.000000,0.000000
133,0,0.025000,0.005000,0.000000,0.000000,0.000000,0.000000,0.000000,0.000000
134,0,0.025000,0.015000,0.000000,0.000000,0.000000,0.000000,0.000000,0.000000
135,0,0.025000,0.025000,0.000000,0.000000,0.000000,0.000000,0.000000,0.000000
136,0,0.025000,0.035000,0.000000,0.000000,0.000000,0.000000,0.000000,0.000000
137,0,0.025000,0.045000,0.000000,0.000000,0.000000,0.000000,0.000000,0.000000
138,0,0.025000,0.055000,0.000000,0.000000,0.000000,0.000000,0.000000,0.000000
139,0,0.025000,0.065000,0.000000,0.000000,0.000000,0.000000,0.000000,0.000000
140,0,0.025000,0.075000,0.000000,0.000000,0.000000,0.000000,0.000000,0.000000
141,0,0.025000,0.085000,0.000000,0.000000,0.000000,0.000000,0.000000,0.000000
142,0,0.025000,0.095000,0.000000,0.000000,0.000000,0.000000,0.000000,0.000000
143,0,0.025000,0.105000,0.000000,0.000000,0.000000,0.000000,0.000000,0.000000
144,0,0.025000,0.115000,0.000000,0.000000,0.000000,0.000000,0.000000,0.000000
145,0,0.025000,0.125000,0.000000,0.000000,0.000000,0.000000,0.000000,0.000000
146,0,0.025000,0.135000,0.000000,0.000000,0.000000,0.000000,0.000000,0.000000
147,0,0.025000,0.145000,0.000000,0.000000,0.000000,0.000000,0.000000,0.000000
148,0,0.025000,0.155000,0.000000,0.000000,0.000000,0.000000,0.000000,0.000000
149,0,0.025000,0.165000,0.000000,0.000000,0.000000,0.000000,0.000000,0.000000
150,0,0.025000,0.175000,0.000000,0.000000,0.000000,0.000000,0.000000,0.000000
151,0,0.025000,0.185000,0.000000,0.000000,0.000000,0.000000,0.000000,0.000000
152,0,0.025000,0.195000,0.000000,0.000000,0.000000,0.000000,0.000000,0.000000
153,2,0.035000,-0.025000,0.000000,0.000000,0.000000,0.000000,0.000000,0.000000
154,2,0.035000,-0.015000,0.000000,0.000000,0.000000,0.000000,0.000000,0.000000
155,1,0.035000,-0.005000,0.000000,0.000000,0.000000,0.000000,0.000000,0.000000
156,0,0.035000,0.005000,0.000000,0.000000,0.000000,0.000000,0.000000,0.000000
157,0,0.035000,0.015000,0.000000,0.000000,0.000000,0.000000,0.000000,0.000000
158,0,0.035000,0.025000,0.000000,0.000000,0.000000,0.000000,0.000000,0.000000
159,0,0.035000,0.035000,0.000000,0.000000,0.000000,0.000000,0.000000,0.000000
160,0,0.035000,0.045000,0.000000,0.000000,0.000000,0.000000,0.000000,0.000000
161,0,0.035000,0.055000,0.000000,0.000000,0.000000,0.000000,0.000000,0.000000
162,0,0.035000,0.065000,0.000000,0.000000,0.000000,0.000000,0.000000,0.000000
163,0,0.035000,0.075000,0.000000,0.000000,0.000000,0.000000,0.000000,0.000000
164,0,0.035000,0.085000,0.000000,0.000000,0.000000,0.000000,0.000000,0.000000
165,0,0.035000,0.095000,0.000000,0.000000,0.000000,0.000000,0.000000,0.000000
166,0,0.035000,0.105000,0.000000,0.000000,0.000000,0.000000,0.000000,0.000000
167,0,0.035000,0.115000,0.000000,0.000000,0.000000,0.000000,0.000000,0.000000
168,0,0.035000,0.125000,0.000000,0.000000,0.000000,0.000000,0.000000,0.000000
169,0,0.035000,0.135000,0.000000,0.000000,0.000000,0.000000,0.000000,0.000000
170,0,0.035000,0.145000,0.000000,0.000000,0.000000,0.000000,0.000000,0.000000
171,0,0.035000,0.155000,0.000000,0.000000,0.000000,0.000000,0.000000,0.000000
172,0,0.035000,0.165000,0.000000,0.000000,0.000000,0.000000,0.000000,0.000000
173,0,0.035000,0.175000,0.000000,0.000000,0.000000,0.000000,0.000000,0.000000
174,0,0.035000,0.185000,0.000000,0.000000,0.000000,0.000000,0.000000,0.000000
175,0,0.035000,0.195000,0.000000,0.000000,0.000000,0.000000,0.000000,0.000000
176,2,0.045000,-0.025000,0.000000,0.000000,0.000000,0.000000,0.000000,0.000000
177,2,0.045000,-0.015000,0.000000,0.000000,0.000000,0.000000,0.000000,0.000000
178,1,0.045000,-0.005000,0.000000,0.000000,0.000000,0.000000,0.000000,0.000000
179,0,0.045000,0.005000,0.000000,0.000000,0.000000,0.000000,0.000000,0.000000
180,0,0.045000,0.015000,0.000000,0.000000,0.000000,0.000000,0.000000,0.000000
181,0,0.045000,0.025000,0.000000,0.000000,0.000000,0.000000,0.000000,0.000000
182,0,0.045000,0.035000,0.000000,0.000000,0.000000,0.000000,0.000000,0.000000
183,0,0.045000,0.045000,0.000000,0.000000,0.000000,0.000000,0.000000,0.000000
184,0,0.045000,0.055000,0.000000,0.000000,0.000000,0.000000,0.000000,0.000000
185,0,0.045000,0.065000,0.000000,0.000000,0.000000,0.000000,0.000000,0.000000
186,0,0.045000,0.075000,0.000000,0.000000,0.000000,0.000000,0.000000,0.000000
187,0,0.045000,0.085000,0.000000,0.000000,0.000000,0.000000,0.000000,0.000000
188,0,0.045000,0.095000,0.000000,0.000000,0.000000,0.000000,0.000000,0.000000
189,0,0.045000,0.105000,0.000000,0.000000,0.000000,0.000000,0.000000,0.000000
190,0,0.045000,0.115000,0.000000,0.000000,0.000000,0.000000,0.000000,0.000000
191,0,0.045000,0.125000,0.000000,0.000000,0.000000,0.000000,0.000000,0.000000
192,0,0.045000,0.135000,0.000000,0.000000,0.000000,0.000000,0.000000,0.000000
193,0,0.045000,0.145000,0.000000,0.000000,0.000000,0.000000,0.000000,0.000000
194,0,0.045000,0.155000,0.000000,0.000000,0.000000,0.000000,0.000000,0.000000
195,0,0.045000,0.165000,0.000000,0.000000,0.000000,0.000000,0.000000,0.000000
196,0,0.045000,0.175000,0.000000,0.000000,0.000000,0.000000,0.000000,0.000000
197,0,0.045000,0.185000,0.000000,0.000000,0.000000,0.000000,0.000000,0.000000
198,0,0.045000,0.195000,0.000000,0.000000,0.000000,0.000000,0.000000,0.000000
199,2,0.055000,-0.025000,0.000000,0.000000,0.000000,0.000000,0.000000,0.000000
200,2,0.055000,-0.015000,0.000000,0.000000,0.000000,0.000000,0.000000,0.000000
201,1,0.055000,-0.005000,0.000000,0.000000,0.000000,0.000000,0.000000,0.000000
202,0,0.055000,0.005000,0.000000,0.000000,0.000000,0.000000,0.000000,0.000000
203,0,0.055000,0.015000,0.000000,0.000000,0.000000,0.000000,0.000000,0.000000
204,0,0.055000,0.025000,0.000000,0.000000,0.000000,0.000000,0.000000,0.000000
205,0,0.055000,0.035000,0.000000,0.000000,0.000000,0.000000,0.000000,0.000000
206,0,0.055000,0.045000,0.000000,0.000000,0.000000,0.000000,0.000000,0.000000
207,0,0.055000,0.055000,0.000000,0.000000,0.000000,0.000000,0.000000,0.000000
208,0,0.055000,0.065000,0.000000,0.000000,0.000000,0.000000,0.000000,0.000000
209,0,0.055000,0.075000,0.000000,0.000000,0.000000,0.000000,0.000000,0.000000
210,0,0.055000,0.085000,0.000000,0.000000,0.000000,0.000000,0.000000,0.000000
211,0,0.055000,0.095000,0.000000,0.000000,0.000000,0.000000,0.000000,0.000000
212,0,0.055000,0.105000,0.000000,0.000000,0.000000,0.000000,0.000000,0.000000
213,0,0.055000,0.115000,0.000000,0.000000,0.000000,0.000000,0.000000,0.000000
214,0,0.055000,0.125000,0.000000,0.000000,0.000000,0.000000,0.000000,0.000000
215,0,0.055000,0.135000,0.000000,0.000000,0.000000,0.000000,0.000000,0.000000
216,0,0.055000,0.145000,0.000000,0.000000,0.000000,0.000000,0.000000,0.000000
217,0,0.055000,0.155000,0.000000,0.000000,0.000000,0.000000,0.000000,0.000000
218,0,0.055000,0.165000,0.000000,0.000000,0.000000,0.000000,0.000000,0.000000
219,0,0.055000,0.175000,0.000000,0.000000,0.000000,0.000000,0.000000,0.000000
220,0,0.055000,0.185000,0.000000,0.000000,0.000000,0.000000,0.000000,0.000000
221,0,0.055000,0.195000,0.000000,0.000000,0.000000,0.000000,0.000000,0.000000
222,2,0.065000,-0.025000,0.000000,0.000000,0.000000,0.000000,0.000000,0.000000
223,2,0.065000,-0.015000,0.000000,0.000000,0.000000,0.000000,0.000000,0.000000
224,1,0.065000,-0.005000,0.000000,0.000000,0.000000,0.000000,0.000000,0.000000
225,0,0.065000,0.005000,0.000000,0.000000,0.000000,0.000000,0.000000,0.000000
226,0,0.065000,0.015000,0.000000,0.000000,0.000000,0.000000,0.000000,0.000000
227,0,0.065000,0.025000,0.000000,0.000000,0.000000,0.000000,0.000000,0.000000
228,0,0.065000,0.035000,0.000000,0.000000,0.000000,0.000000,0.000000,0.000000
229,0,0.065000,0.045000,0.000000,0.000000,0.000000,0.000000,0.000000,0.000000
230,0,0.065000,0.055000,0.000000,0.000000,0.000000,0.000000,0.000000,0.000000
231,0,0.065000,0.065000,0.000000,0.000000,0.000000,0.000000,0.000000,0.000000
232,0,0.065000,0.075000,0.000000,0.000000,0.000000,0.000000,0.000000,0.000000
233,0,0.065000,0.085000,0.000000,0.000000,0.000000,0.000000,0.000000,0.000000
234,0,0.065000,0.095000,0.000000,0.000000,0.000000,0.000000,0.000000,0.000000
235,0,0.065000,0.105000,0.000000,0.000000,0.000000,0.000000,0.000000,0.000000
236,0,0.065000,0.115000,0.000000,0.000000,0.000000,0.000000,0.000000,0.000000
237,0,0.065000,0.125000,0.000000,0.000000,0.000000,0.000000,0.000000,0.000000
238,0,0.065000,0.135000,0.000000,0.000000,0.000000,0.000000,0.000000,0.000000
239,0,0.065000,0.145000,0.000000,0.000000,0.000000,0.000000,0.000000,0.000000
240,0,0.065000,0.155000,0.000000,0.000000,0.000000,0.000000,0.000000,0.000000
241,0,0.065000,0.165000,0.000000,0.000000,0.000000,0.000000,0.000000,0.000000
242,0,0.065000,0.175000,0.000000,0.000000,0.000000,0.000000,0.000000,0.000000
243,0,0.065000,0.185000,0.000000,0.000000,0.000000,0.000000,0.000000,0.000000
244,0,0.065000,0.195000,0.000000,0.000000,0.000000,0.000000,0.000000,0.000000
245,2,0.075000,-0.025000,0.000000,0.000000,0.000000,0.000000,0.000000,0.000000
246,2,0.075000,-0.015000,0.000000,0.000000,0.000000,0.000000,0.000000,0.000000
247,1,0.075000,-0.005000,0.000000,0.000000,0.000000,0.000000,0.000000,0.000000
248,0,0.075000,0.005000,0.000000,0.000000,0.000000,0.000000,0.000000,0.000000
249,0,0.075000,0.015000,0.000000,0.000000,0.000000,0.000000,0.000000,0.000000
250,0,0.075000,0.025000,0.000000,0.000000,0.000000,0.000000,0.000000,0.000000
251,0,0.075000,0.035000,0.000000,0.000000,0.000000,0.000000,0.000000,0.000000
252,0,0.075000,0.045000,0.000000,0.000000,0.000000,0.000000,0.000000,0.000000
253,0,0.075000,0.055000,0.000000,0.000000,0.000000,0.000000,0.000000,0.000000
254,0,0.075000,0.065000,0.000000,0.000000,0.000000,0.000000,0.000000,0.000000
255,0,0.075000,0.075000,0.000000,0.000000,0.000000,0.000000,0.000000,0.000000
256,0,0.075000,0.085000,0.000000,0.000000,0.000000,0.000000,0.000000,0.000000
257,0,0.075000,0.095000,0.000000,0.000000,0.000000,0.000000,0.000000,0.000000
258,0,0.075000,0.105000,0.000000,0.000000,0.000000,0.000000,0.000000,0.000000
259,0,0.075000,0.115000,0.000000,0.000000,0.000000,0.000000,0.000000,0.000000
260,0,0.075000,0.125000,0.000000,0.000000,0.000000,0.000000,0.000000,0.000000
261,0,0.075000,0.135000,0.000000,0.000000,0.000000,0.000000,0.000000,0.000000
262,0,0.075000,0.145000,0.000000,0.000000,0.000000,0.000000,0.000000,0.000000
263,0,0.075000,0.155000,0.000000,0.000000,0.000000,0.000000,0.000000,0.000000
264,0,0.075000,0.165000,0.000000,0.000000,0.000000,0.000000,0.000000,0.000000
265,0,0.075000,0.175000,0.000000,0.000000,0.000000,0.000000,0.000000,0.000000
266,0,0.075000,0.185000,0.000000,0.000000,0.000000,0.000000,0.000000,0.000000
267,0,0.075000,0.195000,0.000000,0.000000,0.000000,0.000000,0.000000,0.000000
268,2,0.085000,-0.025000,0.000000,0.000000,0.000000,0.000000,0.000000,0.000000
269,2,0.085000,-0.015000,0.000000,0.000000,0.000000,0.000000,0.000000,0.000000
270,1,0.085000,-0.005000,0.000000,0.000000,0.000000,0.000000,0.000000,0.000000
271,0,0.085000,0.005000,0.000000,0.000000,0.000000,0.000000,0.000000,0.000000
272,0,0.085000,0.015000,0.000000,0.000000,0.000000,0.000000,0.000000,0.000000
273,0,0.085000,0.025000,0.000000,0.000000,0.000000,0.000000,0.000000,0.000000
274,0,0.085000,0.035000,0.000000,0.000000,0.000000,0.000000,0.000000,0.000000
275,0,0.085000,0.045000,0.000000,0.000000,0.000000,0.000000,0.000000,0.000000
276,0,0.085000,0.055000,0.000000,0.000000,0.000000,0.000000,0.000000,0.000000
277,0,0.085000,0.065000,0.000000,0.000000,0.000000,0.000000,0.000000,0.000000
278,0,0.085000,0.075000,0.000000,0.000000,0.000000,0.000000,0.000000,0.000000
279,0,0.085000,0.085000,0.000000,0.000000,0.000000,0.000000,0.000000,0.000000
280,0,0.085000,0.095000,0.000000,0.000000,0.000000,0.000000,0.000000,0.000000
281,0,0.085000,0.105000,0.000000,0.000000,0.000000,0.000000,0.000000,0.000000
282,0,0.085000,0.115000,0.000000,0.000000,0.000000,0.000000,0.000000,0.000000
283,0,0.085000,0.125000,0.000000,0.000000,0.000000,0.000000,0.000000,0.000000
284,0,0.085000,0.135000,0.000000,0.000000,0.000000,0.000000,0.000000,0.000000
285,0,0.085000,0.145000,0.000000,0.000000,0.000000,0.000000,0.000000,0.000000
286,0,0.085000,0.155000,0.000000,0.000000,0.000000,0.000000,0.000000,0.000000
287,0,0.085000,0.165000,0.000000,0.000000,0.000000,0.000000,0.000000,0.000000
288,0,0.085000,0.175000,0.000000,0.000000,0.000000,0.000000,0.000000,0.000000
289,0,0.085000,0.185000,0.000000,0.000000,0.000000,0.000000,0.000000,0.000000
290,0,0.085000,0.195000,0.000000,0.000000,0.000000,0.000000,0.000000,0.000000
291,2,0.095000,-0.025000,0.000000,0.000000,0.000000,0.000000,0.000000,0.000000
292,2,0.095000,-0.015000,0.000000,0.000000,0.000000,0.000000,0.000000,0.000000
293,1,0.095000,-0.005000,0.000000,0.000000,0.000000,0.000000,0.000000,0.000000
294,0,0.095000,0.005000,0.000000,0.000000,0.000000,0.000000,0.000000,0.000000
295,0,0.095000,0.015000,0.000000,0.000000,0.000000,0.000000,0.000000,0.000000
296,0,0.095000,0.025000,0.000000,0.000000,0.000000,0.000000,0.000000,0.000000
297,0,0.095000,0.035000,0.000000,0.000000,0.000000,0.000000,0.000000,0.000000
298,0,0.095000,0.045000,0.000000,0.000000,0.000000,0.000000,0.000000,0.000000
299,0,0.095000,0.055000,0.000000,0.000000,0.000000,0.000000,0.000000,0.000000
300,0,0.095000,0.065000,0.000000,0.000000,0.000000,0.000000,0.000000,0.000000
301,0,0.095000,0.075000,0.000000,0.000000,0.000000,0.000000,0.000000,0.000000
302,0,0.095000,0.085000,0.000000,0.000000,0.000000,0.000000,0.000000,0.000000
303,0,0.095000,0.095000,0.000000,0.000000,0.000000,0.000000,0.000000,0.000000
304,0,0.095000,0.105000,0.000000,0.000000,0.000000,0.000000,0.000000,0.000000
305,0,0.095000,0.115000,0.000000,0.000000,0.000000,0.000000,0.000000,0.000000
306,0,0.095000,0.125000,0.000000,0.000000,0.000000,0.000000,0.000000,0.000000
307,0,0.095000,0.135000,0.000000,0.000000,0.000000,0.000000,0.000000,0.000000
308,0,0.095000,0.145000,0.000000,0.000000,0.000000,0.000000,0.000000,0.000000
309,0,0.095000,0.155000,0.000000,0.000000,0.000000,0.000000,0.000000,0.000000
310,0,0.095000,0.165000,0.000000,0.000000,0.000000,0.000000,0.000000,0.000000
311,0,0.095000,0.175000,0.000000,0.000000,0.000000,0.000000,0.000000,0.000000
312,0,0.095000,0.185000,0.000000,0.000000,0.000000,0.000000,0.000000,0.000000
313,0,0.095000,0.195000,0.000000,0.000000,0.000000,0.000000,0.000000,0.000000
314,2,0.105000,-0.025000,0.000000,0.000000,0.000000,0.000000,0.000000,0.000000
315,2,0.105000,-0.015000,0.000000,0.000000,0.000000,0.000000,0.000000,0.000000
316,1,0.105000,-0.005000,0.000000,0.000000,0.000000,0.000000,0.000000,0.000000
317,2,0.115000,-0.025000,0.000000,0.000000,0.000000,0.000000,0.000000,0.000000
318,2,0.115000,-0.015000,0.000000,0.000000,0.000000,0.000000,0.000000,0.000000
319,1,0.115000,-0.005000,0.000000,0.000000,0.000000,0.000000,0.000000,0.000000
320,2,0.125000,-0.025000,0.000000,0.000000,0.000000,0.000000,0.000000,0.000000
321,2,0.125000,-0.015000,0.000000,0.000000,0.000000,0.000000,0.000000,0.000000
322,1,0.125000,-0.005000,0.000000,0.000000,0.000000,0.000000,0.000000,0.000000
323,2,0.135000,-0.025000,0.000000,0.000000,0.000000,0.000000,0.000000,0.000000
324,2,0.135000,-0.015000,0.000000,0.000000,0.000000,0.000000,0.000000,0.000000
325,1,0.135000,-0.005000,0.000000,0.000000,0.000000,0.000000,0.000000,0.000000
326,2,0.145000,-0.025000,0.000000,0.000000,0.000000,0.000000,0.000000,0.000000
327,2,0.145000,-0.015000,0.000000,0.000000,0.000000,0.000000,0.000000,0.000000
328,1,0.145000,-0.005000,0.000000,0.000000,0.000000,0.000000,0.000000,0.000000
329,2,0.155000,-0.025000,0.000000,0.000000,0.000000,0.000000,0.000000,0.000000
330,2,0.155000,-0.015000,0.000000,0.000000,0.000000,0.000000,0.000000,0.000000
331,1,0.155000,-0.005000,0.000000,0.000000,0.000000,0.000000,0.000000,0.000000
332,2,0.165000,-0.025000,0.000000,0.000000,0.000000,0.000000,0.000000,0.000000
333,2,0.165000,-0.015000,0.000000,0.000000,0.000000,0.000000,0.000000,0.000000
334,1,0.165000,-0.005000,0.000000,0.000000,0.000000,0.000000,0.000000,0.000000
335,2,0.175000,-0.025000,0.000000,0.000000,0.000000,0.000000,0.000000,0.000000
336,2,0.175000,-0.015000,0.000000,0.000000,0.000000,0.000000,0.000000,0.000000
337,1,0.175000,-0.005000,0.000000,0.000000,0.000000,0.000000,0.000000,0.000000
338,2,0.185000,-0.025000,0.000000,0.000000,0.000000,0.000000,0.000000,0.000000
339,2,0.185000,-0.015000,0.000000,0.000000,0.000000,0.000000,0.000000,0.000000
340,1,0.185000,-0.005000,0.000000,0.000000,0.000000,0.000000,0.000000,0.000000
341,2,0.195000,-0.025000,0.000000,0.000000,0.000000,0.000000,0.000000,0.000000
342,2,0.195000,-0.015000,0.000000,0.000000,0.000000,0.000000,0.000000,0.000000
343,1,0.195000,-0.005000,0.000000,0.000000,0.000000,0.000000,0.000000,0.000000
344,2,0.205000,-0.025000,0.000000,0.000000,0.000000,0.000000,0.000000,0.000000
345,2,0.205000,-0.015000,0.000000,0.000000,0.000000,0.000000,0.000000,0.000000
346,1,0.205000,-0.005000,0.000000,0.000000,0.000000,0.000000,0.000000,0.000000
347,2,0.215000,-0.025000,0.000000,0.000000,0.000000,0.000000,0.000000,0.000000
348,2,0.215000,-0.015000,0.000000,0.000000,0.000000,0.000000,0.000000,0.000000
349,1,0.215000,-0.005000,0.000000,0.000000,0.000000,0.000000,0.000000,0.000000
350,2,0.225000,-0.025000,0.000000,0.000000,0.000000,0.000000,0.000000,0.000000
351,2,0.225000,-0.015000,0.000000,0.000000,0.000000,0.000000,0.000000,0.000000
352,1,0.225000,-0.005000,0.000000,0.000000,0.000000,0.000000,0.000000,0.000000
353,2,0.235000,-0.025000,0.000000,0.000000,0.000000,0.000000,0.000000,0.000000
354,2,0.235000,-0.015000,0.000000,0.000000,0.000000,0.000000,0.000000,0.000000
355,1,0.235000,-0.005000,0.000000,0.000000,0.000000,0.000000,0.000000,0.000000
356,2,0.245000,-0.025000,0.000000,0.000000,0.000000,0.000000,0.000000,0.000000
357,2,0.245000,-0.015000,0.000000,0.000000,0.000000,0.000000,0.000000,0.000000
358,1,0.245000,-0.005000,0.000000,0.000000,0.000000,0.000000,0.000000,0.000000
359,2,0.255000,-0.025000,0.000000,0.000000,0.000000,0.000000,0.000000,0.000000
360,2,0.255000,-0.015000,0.000000,0.000000,0.000000,0.000000,0.000000,0.000000
361,1,0.255000,-0.005000,0.000000,0.000000,0.000000,0.000000,0.000000,0.000000
362,2,0.265000,-0.025000,0.000000,0.000000,0.000000,0.000000,0.000000,0.000000
363,2,0.265000,-0.015000,0.000000,0.000000,0.000000,0.000000,0.000000,0.000000
364,1,0.265000,-0.005000,0.000000,0.000000,0.000000,0.000000,0.000000,0.000000
365,2,0.275000,-0.025000,0.000000,0.000000,0.000000,0.000000,0.000000,0.000000
366,2,0.275000,-0.015000,0.000000,0.000000,0.000000,0.000000,0.000000,0.000000
367,1,0.275000,-0.005000,0.000000,0.000000,0.000000,0.000000,0.000000,0.000000
368,2,0.285000,-0.025000,0.000000,0.000000,0.000000,0.000000,0.000000,0.000000
369,2,0.285000,-0.015000,0.000000,0.000000,0.000000,0.000000,0.000000,0.000000
370,1,0.285000,-0.005000,0.000000,0.000000,0.000000,0.000000,0.000000,0.000000
371,2,0.295000,-0.025000,0.000000,0.000000,0.000000,0.000000,0.000000,0.000000
372,2,0.295000,-0.015000,0.000000,0.000000,0.000000,0.000000,0.000000,0.000000
373,1,0.295000,-0.005000,0.000000,0.000000,0.000000,0.000000,0.000000,0.000000
374,2,0.305000,-0.025000,0.000000,0.000000,0.000000,0.000000,0.000000,0.000000
375,2,0.305000,-0.015000,0.000000,0.000000,0.000000,0.000000,0.000000,0.000000
376,1,0.305000,-0.005000,0.000000,0.000000,0.000000,0.000000,0.000000,0.000000
377,1,0.305000,0.005000,0.000000,0.000000,0.000000,0.000000,0.000000,0.000000
378,1,0.305000,0.015000,0.000000,0.000000,0.000000,0.000000,0.000000,0.000000
379,1,0.305000,0.025000,0.000000,0.000000,0.000000,0.000000,0.000000,0.000000
380,1,0.305000,0.035000,0.000000,0.000000,0.000000,0.000000,0.000000,0.000000
381,1,0.305000,0.045000,0.000000,0.000000,0.000000,0.000000,0.000000,0.000000
382,1,0.305000,0.055000,0.000000,0.000000,0.000000,0.000000,0.000000,0.000000
383,1,0.305000,0.065000,0.000000,0.000000,0.000000,0.000000,0.000000,0.000000
384,1,0.305000,0.075000,0.000000,0.000000,0.000000,0.000000,0.000000,0.000000
385,1,0.305000,0.085000,0.000000,0.000000,0.000000,0.000000,0.000000,0.000000
386,1,0.305000,0.095000,0.000000,0.000000,0.000000,0.000000,0.000000,0.000000
387,1,0.305000,0.105000,0.000000,0.000000,0.000000,0.000000,0.000000,0.000000
388,1,0.305000,0.115000,0.000000,0.000000,0.000000,0.000000,0.000000,0.000000
389,1,0.305000,0.125000,0.000000,0.000000,0.000000,0.000000,0.000000,0.000000
390,1,0.305000,0.135000,0.000000,0.000000,0.000000,0.000000,0.000000,0.000000
391,1,0.305000,0.145000,0.000000,0.000000,0.000000,0.000000,0.000000,0.000000
392,1,0.305000,0.155000,0.000000,0.000000,0.000000,0.000000,0.000000,0.000000
393,1,0.305000,0.165000,0.000000,0.000000,0.000000,0.000000,0.000000,0.000000
394,1,0.305000,0.175000,0.000000,0.000000,0.000000,0.000000,0.000000,0.000000
395,1,0.305000,0.185000,0.000000,0.000000,0.000000,0.000000,0.000000,0.000000
396,1,0.305000,0.195000,0.000000,0.000000,0.000000,0.000000,0.000000,0.000000
397,1,0.305000,0.205000,0.000000,0.000000,0.000000,0.000000,0.000000,0.000000
398,1,0.305000,0.215000,0.000000,0.000000,0.000000,0.000000,0.000000,0.000000
399,1,0.305000,0.225000,0.000000,0.000000,0.000000,0.000000,0.000000,0.000000
400,1,0.305000,0.235000,0.000000,0.000000,0.000000,0.000000,0.000000,0.000000
401,1,0.305000,0.245000,0.000000,0.000000,0.000000,0.000000,0.000000,0.000000
402,2,0.315000,-0.025000,0.000000,0.000000,0.000000,0.000000,0.000000,0.000000
403,2,0.315000,-0.015000,0.000000,0.000000,0.000000,0.000000,0.000000,0.000000
404,2,0.315000,-0.005000,0.000000,0.000000,0.000000,0.000000,0.000000,0.000000
405,2,0.315000,0.005000,0.000000,0.000000,0.000000,0.000000,0.000000,0.000000
406,2,0.315000,0.015000,0.000000,0.000000,0.000000,0.000000,0.000000,0.000000
407,2,0.315000,0.025000,0.000000,0.000000,0.000000,0.000000,0.000000,0.000000
408,2,0.315000,0.035000,0.000000,0.000000,0.000000,0.000000,0.000000,0.000000
409,2,0.315000,0.045000,0.000000,0.000000,0.000000,0.000000,0.000000,0.000000
410,2,0.315000,0.055000,0.000000,0.000000,0.000000,0.000000,0.000000,0.000000
411,2,0.315000,0.065000,0.000000,0.000000,0.000000,0.000000,0.000000,0.000000
412,2,0.315000,0.075000,0.000000,0.000000,0.000000,0.000000,0.000000,0.000000
413,2,0.315000,0.085000,0.000000,0.000000,0.000000,0.000000,0.000000,0.000000
414,2,0.315000,0.095000,0.000000,0.000000,0.000000,0.000000,0.000000,0.000000
415,2,0.315000,0.105000,0.000000,0.000000,0.000000,0.000000,0.000000,0.000000
416,2,0.315000,0.115000,0.000000,0.000000,0.000000,0.000000,0.000000,0.000000
417,2,0.315000,0.125000,0.000000,0.000000,0.000000,0.000000,0.000000,0.000000
418,2,0.315000,0.135000,0.000000,0.000000,0.000000,0.000000,0.000000,0.000000
419,2,0.315000,0.145000,0.000000,0.000000,0.000000,0.000000,0.000000,0.000000
420,2,0.315000,0.155000,0.000000,0.000000,0.000000,0.000000,0.000000,0.000000
421,2,0.315000,0.165000,0.000000,0.000000,0.000000,0.000000,0.000000,0.000000
422,2,0.315000,0.175000,0.000000,0.000000,0.000000,0.000000,0.000000,0.000000
423,2,0.315000,0.185000,0.000000,0.000000,0.000000,0.000000,0.000000,0.000000
424,2,0.315000,0.195000,0.000000,0.000000,0.000000,0.000000,0.000000,0.000000
425,2,0.315000,0.205000,0.000000,0.000000,0.000000,0.000000,0.000000,0.000000
426,2,0.315000,0.215000,0.000000,0.000000,0.000000,0.000000,0.000000,0.000000
427,2,0.315000,0.225000,0.000000,0.000000,0.000000,0.000000,0.000000,0.000000
428,2,0.315000,0.235000,0.000000,0.000000,0.000000,0.000000,0.000000,0.000000
429,2,0.315000,0.245000,0.000000,0.000000,0.000000,0.000000,0.000000,0.000000
430,2,0.325000,-0.025000,0.000000,0.000000,0.000000,0.000000,0.000000,0.000000
431,2,0.325000,-0.015000,0.000000,0.000000,0.000000,0.000000,0.000000,0.000000
432,2,0.325000,-0.005000,0.000000,0.000000,0.000000,0.000000,0.000000,0.000000
433,2,0.325000,0.005000,0.000000,0.000000,0.000000,0.000000,0.000000,0.000000
434,2,0.325000,0.015000,0.000000,0.000000,0.000000,0.000000,0.000000,0.000000
435,2,0.325000,0.025000,0.000000,0.000000,0.000000,0.000000,0.000000,0.000000
436,2,0.325000,0.035000,0.000000,0.000000,0.000000,0.000000,0.000000,0.000000
437,2,0.325000,0.045000,0.000000,0.000000,0.000000,0.000000,0.000000,0.000000
438,2,0.325000,0.055000,0.000000,0.000000,0.000000,0.000000,0.000000,0.000000
439,2,0.325000,0.065000,0.000000,0.000000,0.000000,0.000000,0.000000,0.000000
440,2,0.325000,0.075000,0.000000,0.000000,0.000000,0.000000,0.000000,0.000000
441,2,0.325000,0.085000,0.000000,0.000000,0.000000,0.000000,0.000000,0.000000
442,2,0.325000,0.095000,0.000000,0.000000,0.000000,0.000000,0.000000,0.000000
443,2,0.325000,0.105000,0.000000,0.000000,0.000000,0.000000,0.000000,0.000000
444,2,0.325000,0.115000,0.000000,0.000000,0.000000,0.000000,0.000000,0.000000
445,2,0.325000,0.125000,0.000000,0.000000,0.000000,0.000000,0.000000,0.000000
446,2,0.325000,0.135000,0.000000,0.000000,0.000000,0.000000,0.000000,0.000000
447,2,0.325000,0.145000,0.000000,0.000000,0.000000,0.000000,0.000000,0.000000
448,2,0.325000,0.155000,0.000000,0.000000,0.000000,0.000000,0.000000,0.000000
449,2,0.325000,0.165000,0.000000,0.000000,0.000000,0.000000,0.000000,0.000000
450,2,0.325000,0.175000,0.000000,0.000000,0.000000,0.000000,0.000000,0.000000
451,2,0.325000,0.185000,0.000000,0.000000,0.000000,0.000000,0.000000,0.000000
452,2,0.325000,0.195000,0.000000,0.000000,0.000000,0.000000,0.000000,0.000000
453,2,0.325000,0.205000,0.000000,0.000000,0.000000,0.000000,0.000000,0.000000
454,2,0.325000,0.215000,0.000000,0.000000,0.000000,0.000000,0.000000,0.000000
455,2,0.325000,0.225000,0.000000,0.000000,0.000000,0.000000,0.000000,0.000000
456,2,0.325000,0.235000,0.000000,0.000000,0.000000,0.000000,0.000000,0.000000
457,2,0.325000,0.245000,0.000000,0.000000,0.000000,0.000000,0.000000,0.000000
